count_group,product_name,barcode,price,pos_category,priority,stock,min,max,counted_by,counted_at,notes
Tobacco,Backwoods port 5 Pack,071610122741,15.00,TOBACCO,A,,,,,,
Tobacco,BACKWOODS RUM.,071610122772,15.50,TOBACCO,A,,,,,,
Tobacco,Belmont 20 ks,061900000132,18.50,TOBACCO,A,,,,,,
Tobacco,Belmont 20 RG,061900101143,18.50,TOBACCO,A,,,,,,
Tobacco,Belmont KS 25,061900101136,23.00,TOBACCO,A,,,,,,
Tobacco,Belmont KS 25 Carton,061900001139,173.00,TOBACCO,A,,,,,,
Tobacco,Belmont RG25,061900101150,23.00,TOBACCO,A,,,,,,
Tobacco,belmont select 20k,061900138125,18.50,TOBACCO,A,,,,,,
Tobacco,Belmont Select 25 K Carton,061900038135,173.00,TOBACCO,A,,,,,,
Tobacco,Belmont select KS,061900138132,23.00,TOBACCO,A,,,,,,
Tobacco,Belmont select RG 25,061900138156,23.00,TOBACCO,A,,,,,,
Tobacco,Belmont select small rg 20,061900138149,18.50,TOBACCO,A,,,,,,
Tobacco,Benson and Hedges Carton,061900200785,180.01,TOBACCO,A,,,,,,
Tobacco,Benson and Hedges delux 20k,061900103994,18.50,TOBACCO,A,,,,,,
Tobacco,Benson and Hedges Deluxe KS 20 carton,061900003997,141.00,TOBACCO,A,,,,,,
Tobacco,Benson and Hedges prime 25,061900000729,23.00,TOBACCO,A,,,,,,
Tobacco,Blackwood Whissky Tobacco,071610122802,16.95,TOBACCO,A,,,,,,
Tobacco,CAMEL ORIGINAL KS 20,060100005039,13.75,TOBACCO,A,,,,,,
Tobacco,Camel select 20,060100045592,13.75,TOBACCO,A,,,,,,
Tobacco,CAMEL SMOOTH LK,060100045295,16.75,TOBACCO,A,,,,,,
Tobacco,DRUM ORIGINAL VAPE & CIGARATTE TOBACCO 5,061900060228,44.07,TOBACCO,A,,,,,,
Tobacco,Drum Premier 50g,061900060235,44.07,TOBACCO,A,,,,,,
Tobacco,Du Maurier Distinct 20 Ks,059300006120,18.50,TOBACCO,A,,,,,,
Tobacco,Du Maurier Distinct 20 Rg,05933032,18.00,TOBACCO,A,,,,,,
Tobacco,Du Maurier Distinct 25 Ks,059300006137,23.00,TOBACCO,A,,,,,,
Tobacco,Du Maurier signature 20 ks,059300002818,18.50,TOBACCO,A,,,,,,
Tobacco,Du Maurier signature 20 Rg,05933139,18.50,TOBACCO,A,,,,,,
Tobacco,Du Maurier Signature 25 k,059300002870,23.00,TOBACCO,A,,,,,,
Tobacco,Du Maurier Signature 25 Rg,05936631,23.00,TOBACCO,A,,,,,,
Tobacco,Du Maurier Smooth 20 Ks,059300000203,18.00,TOBACCO,A,,,,,,
Tobacco,Du Maurier Smooth 20 Rg,05932732,18.00,TOBACCO,A,,,,,,
Tobacco,Du Maurier Smooth 25 Ks,059300000951,23.00,TOBACCO,A,,,,,,
Tobacco,Du Maurier Special 20 ks,059300003136,21.75,TOBACCO,A,,,,,,
Tobacco,EXPORT A FINE,060100009440,21.50,TOBACCO,A,,,,,,
Tobacco,EXPORT A FINE RG 25,060100009389,21.50,TOBACCO,A,,,,,,
Tobacco,Export A Full,060100003097,4.99,TOBACCO,A,,,,,,
Tobacco,FULL KING SIZE 25,060100045844,16.75,JTI VAPE & CIGARATE,A,,,,,,
Tobacco,High Tea Blunt Wraps Blueberry,751667206433,3.50,TOBACCO,A,,,,,,
Tobacco,High Tea Blunt Wraps Mango,751667206037,3.50,TOBACCO,A,,,,,,
Tobacco,IQOS IIUMA ONE PEBBLE BEIGE,061900497239,57.62,TOBACCO,A,,,,,,
Tobacco,KING SIZE RAW PAPER,716165280972,3.50,TOBACCO,A,,,,,,
Tobacco,LD BOLD KS 25,060100037641,16.75,TOBACCO,A,,,,,,
Tobacco,LD MEDIUM KS 20,060100037795,13.75,TOBACCO,A,,,,,,
Tobacco,LD SMOOTH KS 25,060100038037,16.75,TOBACCO,A,,,,,,
Tobacco,LD STANDARD BOLD,060100038631,16.75,TOBACCO,A,,,,,,
Tobacco,LD Standard Bold KS 20,060100038600,13.75,TOBACCO,A,,,,,,
Tobacco,MACDONALD ORIGINAL 20 KS,060100035159,15.00,TOBACCO,A,,,,,,
Tobacco,MACDONALD ORIGINAL 25 KS,060100035180,18.00,TOBACCO,A,,,,,,
Tobacco,MARLBORO 20,059300061693,15.50,TOBACCO,A,,,,,,
Tobacco,MARLBORO 25 KS,059300061709,18.75,TOBACCO,A,,,,,,
Tobacco,MARLBORO SMOOTH,059300063635,15.50,TOBACCO,A,,,,,,
Tobacco,Match 20,779186002022,11.01,TOBACCO,A,,,,,,
Tobacco,Match 20 K Carton,779186002039,108.01,TOBACCO,A,,,,,,
Tobacco,Match 25 K Carton,779186000943,108.01,TOBACCO,A,,,,,,
Tobacco,Match Chic 20,779186002053,11.01,TOBACCO,A,,,,,,
Tobacco,Match Chic 20 K,779186002060,108.01,TOBACCO,A,,,,,,
Tobacco,Match Chic 25 K Caton,779186001001,108.01,TOBACCO,A,,,,,,
Tobacco,match chic  king size,779186000998,13.75,TOBACCO,A,,,,,,
Tobacco,match king size,779186000936,13.75,TOBACCO,A,,,,,,
Tobacco,Matinee mellow KS 25,059300004423,26.00,TOBACCO,A,,,,,,
Tobacco,Matinee Subtle KS 20,059300010561,21.00,TOBACCO,A,,,,,,
Tobacco,Matinee subtle KS 25,059300010585,23.73,TOBACCO,A,,,,,,
Tobacco,Next Extra KS 20 Carton,061900007025,135.00,TOBACCO,A,,,,,,
Tobacco,Next Extra KS 25 carton,061900007049,140.00,TOBACCO,A,,,,,,
Tobacco,Next ORIGINAL KS 20,061900107008,14.50,TOBACCO,A,,,,,,
Tobacco,Next Original KS 20 carton,061900007001,134.99,TOBACCO,A,,,,,,
Tobacco,Next original KS 25,061900107053,18.00,TOBACCO,A,,,,,,
Tobacco,Next Original KS 25 carton,061900007056,140.00,TOBACCO,A,,,,,,
Tobacco,Next original RG 25,061900107138,18.00,TOBACCO,A,,,,,,
Tobacco,Next SMOOTH KS 25,061900107374,18.00,TOBACCO,A,,,,,,
Tobacco,Next XTRA KS 20,061900107022,14.50,TOBACCO,A,,,,,,
Tobacco,Next Xtra KS 25,061900107046,18.00,TOBACCO,A,,,,,,
Tobacco,Next Xtra Tobacco,061900106919,35.03,TOBACCO,A,,,,,,
Tobacco,OCB KS,30065505,2.83,TOBACCO,A,,,,,,
Tobacco,Pall Mall Bold cart.,059300527786,135.04,TOBACCO,A,,,,,,
Tobacco,PALL MALLSP XL FULL KS,059300062751,17.00,TOBACCO,A,,,,,,
Tobacco,Philip Morris original 20 ks,061900107213,14.50,TOBACCO,A,,,,,,
Tobacco,Philip Morris special 20 ks,061900107206,14.50,TOBACCO,A,,,,,,
Tobacco,Phillies Blunt Chocolate 5 Cigar/Pack,070235629482,13.25,TOBACCO,A,,,,,,
Tobacco,Phillies strawberry 5pk,070235629512,13.25,TOBACCO,A,,,,,,
Tobacco,PLAYER 25 RG,05934934,25.88,TOBACCO,A,,,,,,
Tobacco,PLAYER SMOOTH 25 KS,05935739,25.88,TOBACCO,A,,,,,,
Tobacco,PLAYERS SMOOTH 20 KS,05934031,20.68,TOBACCO,A,,,,,,
Tobacco,RAW ROLLING PAPERS 1.1/4 SIZE,716165177319,2.50,TOBACCO,A,,,,,,
Tobacco,RAW TIPS ROLL,716165179481,2.25,TOBACCO,A,,,,,,
Tobacco,RW KS PH,716165174219,3.38,TOBACCO,A,,,,,,
Tobacco,sail classic,061900074003,15.50,TOBACCO,A,,,,,,
Tobacco,Sail Deluxe Pipe Tobacco 50 g,061900068118,40.00,TOBACCO,A,,,,,,
Tobacco,TEREA BIRCHA FOR IIUMA 54,061900602220,35.58,TOBACCO,A,,,,,,
Tobacco,TEREA OAK FOR IIUMA 54,061900602206,35.58,TOBACCO,A,,,,,,
Tobacco,TOBACCO CAMEL ORIGINAL 25,060100045325,18.53,TOBACCO,A,,,,,,
Tobacco,Vogue,059300063345,21.00,TOBACCO,A,,,,,,
Tobacco,ZIG ZAG BLUE,008660100207,3.01,TOBACCO,A,,,,,,
Tobacco,ZIG ZAG SILVER,008660100405,3.50,TOBACCO,A,,,,,,
Tobacco,ZIG ZAG WHITE,008660100108,3.50,TOBACCO,A,,,,,,
Vape & Smoke Acc.,Captain Black,24333,2.51,TOBACCO Accessories,A,,,,,,
Vape & Smoke Acc.,Captain Black,24332,2.51,TOBACCO Accessories,A,,,,,,
Vape & Smoke Acc.,CENTURY SAM,060100004735,10.50,VAPE & CIGAR,A,,,,,,
Vape & Smoke Acc.,eagle torchh,853195010503,9.03,VAPE & CIGAR,A,,,,,,
Vape & Smoke Acc.,Export A Green Rolling Paper,060100003004,3.25,VAPE & CIGAR,A,,,,,,
Vape & Smoke Acc.,Fuzion keepbest,742271563272,19.20,BONG AND PIPES,A,,,,,,
Vape & Smoke Acc.,HAPPY VALEMTINE 6INH,5421578602765,5.64,BONG AND PIPES,A,,,,,,
Vape & Smoke Acc.,nic outt,094922863485,3.38,VAPE & CIGAR,A,,,,,,
Vape & Smoke Acc.,"OCB premium Black1 1/4""",30052765,2.00,VAPE & CIGAR,A,,,,,,
Vape & Smoke Acc.,"Raw 1 1/4"" Black",716165280965,2.99,VAPE & CIGAR,A,,,,,,
Vape & Smoke Acc.,RAW CLASSIC,716165174233,2.99,VAPE & CIGAR,A,,,,,,
Vape & Smoke Acc.,raw classic 3 pack,716165296867,4.51,VAPE & CIGAR,A,,,,,,
Vape & Smoke Acc.,RAW KS,716165177357,3.62,VAPE & CIGAR,A,,,,,,
Vape & Smoke Acc.,RAW TIPS,716165177395,2.00,VAPE & CIGAR,A,,,,,,
Vape & Smoke Acc.,SLIM OCB,3057068015986,3.38,VAPE & CIGAR,A,,,,,,
Vape & Smoke Acc.,Smoke it lighter,853195000542,5.64,LIGHTER,A,,,,,,
Vape & Smoke Acc.,Special Blue,811490251823,9.03,LIGHTER,A,,,,,,
Vape & Smoke Acc.,VB Lighter,705833099633,4.51,LIGHTER,A,,,,,,
Vape & Smoke Acc.,X-LITE,877318100063,3.01,VAPE & CIGAR,A,,,,,,
Vape & Smoke Acc.,Xlite lighter,877318001353,2.25,LIGHTER,A,,,,,,
Vape & Smoke Acc.,Zigzag Green,008660100306,3.01,VAPE & CIGAR,A,,,,,,
Vape & Smoke Acc.,Zippo Flints,041689200657,3.01,VAPE & CIGAR,A,,,,,,
Beer & Coolers,Arizona Hard 473,056327014930,3.94,Beer,A,,,,,,
Beer & Coolers,Arizona hard lemon Flavour,056327017801,3.94,R.T.D.,A,,,,,,
Beer & Coolers,BASK 750,063657042052,15.68,Wine,A,,,,,,
Beer & Coolers,Black Fly Crushed Orange 473ML,883043001025,4.06,R.T.D.,A,,,,,,
Beer & Coolers,Black Fly Sour Grape 473ML,883043000837,4.06,R.T.D.,A,,,,,,
Beer & Coolers,Black Fly Sour Raspberry 473 ML,883043000844,4.06,Beer,A,,,,,,
Beer & Coolers,BLACK FLY TEQUILA SUNRISE 473ML,883043002336,4.06,R.T.D.,A,,,,,,
Beer & Coolers,Black Fly Vodka Black Cherry 473ML,883043002763,4.06,Beer,A,,,,,,
Beer & Coolers,Black fly vodka cranberry 4*400,883043000028,14.00,Beer,A,,,,,,
Beer & Coolers,Black fly vodka grapefruit 4*400,883043000806,14.00,R.T.D.,A,,,,,,
Beer & Coolers,blue 473 ml,062067351358,2.93,Beer,A,,,,,,
Beer & Coolers,Bodacious 1.5l,063657033678,24.69,Wine,A,,,,,,
Beer & Coolers,Bodacious Smooth Red,063657031773,14.33,Wine,A,,,,,,
Beer & Coolers,Bodacious smooth red,063657047408,14.33,Wine,A,,,,,,
Beer & Coolers,bud light 473ml,062067567353,3.49,Beer,A,,,,,,
Beer & Coolers,Bud light 6 Pack,062067567384,20.78,Beer 6 Pack,A,,,,,,
Beer & Coolers,budweiser,062067335358,3.49,Beer,A,,,,,,
Beer & Coolers,Budweisr 710ml,062067335709,5.62,Beer,A,,,,,,
Beer & Coolers,Budwieser 6pk 473ml,062067335389,20.44,Beer 6 Pack,A,,,,,,
Beer & Coolers,Busch Bullet,062067423529,6.66,Beer 6 Pack,A,,,,,,
Beer & Coolers,Busch Ice,062067423222,18.18,Beer,A,,,,,,
Beer & Coolers,bush ice single,062067376191,3.04,Beer,A,,,,,,
Beer & Coolers,CAPTAIN MORGAN MANGO MAI TAI 355ML,082000802396,3.49,Beer,A,,,,,,
Beer & Coolers,carling,056327004146,2.93,Beer,A,,,,,,
Beer & Coolers,Carling lager,056327016224,17.50,Beer 6 Pack,A,,,,,,
Beer & Coolers,Clamato Original,065912002801,4.62,R.T.D.,A,,,,,,
Beer & Coolers,Clamato Spicy,065912002795,4.62,R.T.D.,A,,,,,,
Beer & Coolers,Coors 6 pack,056327007956,21.02,Beer 6 Pack,A,,,,,,
Beer & Coolers,coors seltzer 7%,056327025080,4.06,Alcoholic Cocktails,A,,,,,,
Beer & Coolers,COORS SELTZER SLUSHIE GRAPE 473ML,056327024069,4.17,R.T.D.,A,,,,,,
Beer & Coolers,corona 473 ml,062067382338,4.62,Beer,A,,,,,,
Beer & Coolers,Corona Bottle 6 x 330 ml,062067382413,19.20,ALCOHOL,A,,,,,,
Beer & Coolers,Corona Extra,062067382345,26.09,Beer 6 Pack,A,,,,,,
Beer & Coolers,Cottage spring pink lemonade 473,051497458348,4.17,Beer,A,,,,,,
Beer & Coolers,Crown royal whisky cola,082000796855,4.06,R.T.D.,A,,,,,,
Beer & Coolers,Fax Premium,5741000465684,3.49,Beer,A,,,,,,
Beer & Coolers,Faxe Amber 473,5741000500057,2.93,Beer,A,,,,,,
Beer & Coolers,Flying monkey velvet bubble load 473,870766000985,4.62,Beer,A,,,,,,
Beer & Coolers,Guiness 500 ML,5000213015414,4.92,Beer,A,,,,,,
Beer & Coolers,guniess 4 pack,083820123609,17.61,Beer,A,,,,,,
Beer & Coolers,heinekel 6 pack 330ml bottle,072890000033,23.07,Beer 6 Pack,A,,,,,,
Beer & Coolers,Heineken 500ml,072890000026,4.06,Beer,A,,,,,,
Beer & Coolers,Heineken 6* 330Ml Bottle,2890000033,19.77,Beer,A,,,,,,
Beer & Coolers,Heineken 6pk,072890004758,24.17,Beer 6 Pack,A,,,,,,
Beer & Coolers,Heineken Bottle 330ml,072890000224,3.01,Beer,A,,,,,,
Beer & Coolers,Honest Lot,048162018495,15.68,Wine,A,,,,,,
Beer & Coolers,Jackson Triggs 1.5l,063657036563,23.33,Wine,A,,,,,,
Beer & Coolers,Jackson triggs 750,063657005347,15.03,Wine,A,,,,,,
Beer & Coolers,JACKSON TRIGGS MERLOT,063657007112,15.03,Wine,A,,,,,,
Beer & Coolers,jackson-Triggs Pinot Grigio,063657011836,15.03,Wine,A,,,,,,
Beer & Coolers,james ready 6 473 ml,776029703085,2.95,Beer,A,,,,,,
Beer & Coolers,Jameson Whiskey Lemonade,080432001424,4.51,R.T.D.,A,,,,,,
Beer & Coolers,Labatt Blue 6 pack,062067380624,17.52,Beer 6 Pack,A,,,,,,
Beer & Coolers,Laker Ice 473ML Can,7031000170,2.66,Beer,A,,,,,,
Beer & Coolers,Laker Ice 6x473ml,620707106586,15.07,Beer 6 Pack,A,,,,,,
Beer & Coolers,Laker Lager 6*473ML,620707554462,15.81,Beer,A,,,,,,
Beer & Coolers,Lawenbrau 473,062067860539,2.93,Beer,A,,,,,,
Beer & Coolers,Lowenbrau 6tc,062067423246,17.52,Beer 6 Pack,A,,,,,,
Beer & Coolers,Mad Tom IPA,628669010101,4.62,Beer,A,,,,,,
Beer & Coolers,Maria Christina,063657047378,22.04,Wine,A,,,,,,
Beer & Coolers,maximum ice 473 ml,062067333538,3.49,Beer,A,,,,,,
Beer & Coolers,Michelob Ultra,062067547539,25.06,Beer 6 Pack,A,,,,,,
Beer & Coolers,michelob ultra,062067547355,3.94,ALCOHOL,A,,,,,,
Beer & Coolers,Mikes Hard Blue Freeze,062067379239,4.06,R.T.D.,A,,,,,,
Beer & Coolers,Mikes Hard Lemonade 473,062067421600,4.06,Beer,A,,,,,,
Beer & Coolers,Mikes Harder Straw Lemonade,062067427367,4.06,R.T.D.,A,,,,,,
Beer & Coolers,molson 473 ml,056327073937,3.49,Beer,A,,,,,,
Beer & Coolers,molson 6 pack,056327007949,20.78,Beer 6 Pack,A,,,,,,
Beer & Coolers,Molson Canadian 710ml,056327006010,5.50,Beer,A,,,,,,
Beer & Coolers,Molson Cold shot,056327014145,6.66,Beer 6 Pack,A,,,,,,
Beer & Coolers,Molson Cold Shots Max,056327024762,3.49,Beer,A,,,,,,
Beer & Coolers,molson dry 710 ml,056327703414,4.06,Beer,A,,,,,,
Beer & Coolers,moose head 473 ml,776029701548,3.49,Beer,A,,,,,,
Beer & Coolers,Moosehead 6*473ML,776029703092,20.89,Beer 6 Pack,A,,,,,,
Beer & Coolers,Nutrl Blackberry,062067423697,4.40,R.T.D.,A,,,,,,
Beer & Coolers,Nutrl Grape,062067392771,4.06,R.T.D.,A,,,,,,
Beer & Coolers,nutrl lemon 473 ml,628055589181,4.06,R.T.D.,A,,,,,,
Beer & Coolers,old milwaukee 473 ml,056910401338,2.93,Beer,A,,,,,,
Beer & Coolers,Old Milwaukee 6 pack,056910402540,15.09,Beer 6 Pack,A,,,,,,
Beer & Coolers,old milwaukee 6PK,056910401345,15.09,Beer 6 Pack,A,,,,,,
Beer & Coolers,old milwaukee blue 473 ml,056910402502,2.93,Beer,A,,,,,,
Beer & Coolers,Pabst Blue Ribbon 6 pk,056910414734,17.53,Beer 6 Pack,A,,,,,,
Beer & Coolers,Red Stripe Lager 6*330ml,698614021278,20.44,Beer,A,,,,,,
Beer & Coolers,REV PET VODKA BEV 437ML,620213250124,3.49,Beer,A,,,,,,
Beer & Coolers,Rickards Red 473 ML,056327004948,4.62,Beer,A,,,,,,
Beer & Coolers,Sapporo 6 pk,056910605064,25.87,Beer 6 Pack,A,,,,,,
Beer & Coolers,Smirnoff ice berry blast 473,082000785552,4.01,Beer,A,,,,,,
Beer & Coolers,SMIRNOFF ICE ORIGINAL 473ML,082000773900,3.72,Beer,A,,,,,,
Beer & Coolers,Somersby 473ML,675325010005,4.06,Beer,A,,,,,,
Beer & Coolers,Stella Artois 6 x 473ml,062067382161,24.28,ALCOHOL,A,,,,,,
Beer & Coolers,Sun Cruiser,087692023470,4.06,R.T.D.,A,,,,,,
Beer & Coolers,Tiger Lager 500 ml,086428230502,4.17,Beer,A,,,,,,
Beer & Coolers,Twisted tea extreme Blue Razz,087692020837,4.01,R.T.D.,A,,,,,,
Beer & Coolers,Twisted Tea Extreme Lemon,087692024224,4.01,R.T.D.,A,,,,,,
Beer & Coolers,Twisted tea original 473,087692007470,4.06,Beer,A,,,,,,
Beer & Coolers,Twisted Tea Part Pack,087692023425,33.89,R.T.D.,A,,,,,,
Beer & Coolers,Twisted tea pineapple,087692018551,4.01,Beer,A,,,,,,
Beer & Coolers,White Claw Blackberry 473ML,848819000985,4.06,R.T.D.,A,,,,,,
Beer & Coolers,White Claw Hard Seltzer Black Cherry 473,848819000008,4.06,R.T.D.,A,,,,,,
Beer & Coolers,White claw lime 473ml,848819000022,4.06,R.T.D.,A,,,,,,
Beer & Coolers,White Claw Mango 473ML,848819000015,4.06,Beer,A,,,,,,
Beer & Coolers,white claw passion fruit,848819000947,4.40,Beer,A,,,,,,
Beer & Coolers,White Claw surge,848819001654,4.40,R.T.D.,A,,,,,,
Beer & Coolers,Yellowtail chardonnay,839743000028,17.02,Wine,A,,,,,,
Drinks,0ASIS APPLE 300 ML,067311010111,2.00,DRINKS,B,,,,,,
Drinks,7up zero sugar,06547436,4.51,DRINKS,B,,,,,,
Drinks,Air heads soda Watermelon,860013906214,3.11,DRINKS,B,,,,,,
Drinks,Air heads strawberry,860013906221,3.11,DRINKS,B,,,,,,
Drinks,Allens Apple Juice,056412700052,1.01,JUICE,B,,,,,,
Drinks,allens apple juice,056412503011,4.51,DRINKS,B,,,,,,
Drinks,Allens apple juice 200ml,056412700014,1.00,DRINKS NO TAX,B,,,,,,
Drinks,Aloa Vera Visvita,718122296545,3.74,DRINKS,B,,,,,,
Drinks,Aloe Vera Mango,8809059293959,3.74,DRINKS,B,,,,,,
Drinks,Aloevera mango,718122298341,3.74,DRINKS,B,,,,,,
Drinks,ALOEVERA ORIGINAL,8809059291986,3.74,DRINKS,B,,,,,,
Drinks,ARIZONA CHERRY LIME RICKEY,613008735012,2.75,DRINKS,B,,,,,,
Drinks,ARIZONA CUCUMBER 680ML,613008745905,3.01,DRINKS,B,,,,,,
Drinks,ARIZONA FRT PUNCH 680UNI,613008766795,2.75,DRINKS,B,,,,,,
Drinks,ARIZONA GREEN TEA-,613008766733,3.74,DRINKS,B,,,,,,
Drinks,ARIZONA ICE TEA WITH RASPBERRY,613008766948,3.01,DRINKS,B,,,,,,
Drinks,ARIZONA ICED TEA WITH LEMON,613008766702,3.01,DRINKS,B,,,,,,
Drinks,ARIZONA MUCHO MANGO,613008766764,2.75,DRINKS,B,,,,,,
Drinks,ARIZONA PEACH,613008766917,3.38,DRINKS,B,,,,,,
Drinks,Arizona Rizzler berry,613008775728,2.99,DRINKS,B,,,,,,
Drinks,ARIZONA WATERMELON 680UNI,613008766856,3.01,DRINKS,B,,,,,,
Drinks,Arizone Tropicsl chillzikle,613008767372,3.74,DRINKS,B,,,,,,
Drinks,ARTIC VIBE,889392001877,5.64,DRINKS,B,,,,,,
Drinks,BRISK 2LT,069000015636,4.51,DRINKS,B,,,,,,
Drinks,Brisk Ice Tea,069000016404,3.38,DRINKS,B,,,,,,
Drinks,Brust Protien Coffee,990309700452,3.62,DRINKS,B,,,,,,
Drinks,Bubly Blueberry,069000161098,3.38,DRINK/SLUSHY,B,,,,,,
Drinks,Bubly Cherry,069000155011,1.85,DRINKS,B,,,,,,
Drinks,Bubly Cherry,069000159958,3.38,DRINK/SLUSHY,B,,,,,,
Drinks,Bubly Grapefruit,069000008294,3.38,DRINKS,B,,,,,,
Drinks,Bubly Lime,069000149171,3.38,DRINKS,B,,,,,,
Drinks,BUBLY MANGO,069000149478,1.85,DRINKS,B,,,,,,
Drinks,Bubly Peach Sparkling Water 355ML,069000158876,1.85,DRINKS,B,,,,,,
Drinks,Canada dry 710,06221010,3.38,DRINKS,B,,,,,,
Drinks,CANADA DRY CAN,06224017,1.50,DRINKS,B,,,,,,
Drinks,CANADA DRY CLUB SODA 2L,06216018,4.51,DRINKS,B,,,,,,
Drinks,carling ice 473 ml,056327263932,3.49,DRINKS,B,,,,,,
Drinks,Celcius Electric Vibe,889392002676,5.64,DRINKS,B,,,,,,
Drinks,CELSIUS PEACH VIBE 330UNI,889392607277,4.51,DRINKS,B,,,,,,
Drinks,CELSIUS TROPICAL 330UNI,889392607239,4.51,DRINKS,B,,,,,,
Drinks,COCA ORIGINAL 355UNI,06782900,1.50,DRINKS,B,,,,,,
Drinks,Coconut milk beverage,628915831504,4.51,DRINKS,B,,,,,,
Drinks,COCONUT WATER 500UNI,055270833773,3.50,DRINKS NO TAX,B,,,,,,
Drinks,COKE 2L,06742708,4.51,DRINKS,B,,,,,,
Drinks,COKE DIET 2L,06789709,4.51,DRINKS,B,,,,,,
Drinks,COKE DIET 710ML,067000104039,3.38,DRINKS,B,,,,,,
Drinks,COKE ZERO 2L,067000106682,4.51,DRINKS,B,,,,,,
Drinks,COKE ZERO 355UNI CAN,06731906,1.50,DRINKS,B,,,,,,
Drinks,COLA OG 710UNI,067000104022,3.38,DRINKS,B,,,,,,
Drinks,COOL RUNNINGS 500ML,624913000270,2.99,DRINKS,B,,,,,,
Drinks,coors 473 ml,056327183933,3.49,DRINKS,B,,,,,,
Drinks,crus,05660203,2.02,DRINKS,B,,,,,,
Drinks,Crush,05660300,1.50,DRINKS,B,,,,,,
Drinks,CRUSH ORANGE,05660106,1.50,DRINKS,B,,,,,,
Drinks,CRUSH ORANGE 710ML,056000004609,3.38,DRINKS,B,,,,,,
Drinks,del monte mango,067311268376,4.03,DRINKS,B,,,,,,
Drinks,Del monte orange,067311267188,3.96,DRINKS,B,,,,,,
Drinks,diet a and w 2lt,059531001604,4.85,DRINKS,B,,,,,,
Drinks,DIET COKE 355UNI CAN,06792800,1.50,DRINKS,B,,,,,,
Drinks,Dr Pepper 710 ml,054900021092,3.38,DRINKS,B,,,,,,
Drinks,DR PEPPER CAN,05492935,1.75,DRINKS,B,,,,,,
Drinks,DRINKS 2l,069000002612,4.51,DRINKS,B,,,,,,
Drinks,DRINKS 355UNI--,069000004258,1.50,DRINKS,B,,,,,,
Drinks,DRINKS 710ML,069000009840,3.38,DRINKS,B,,,,,,
Drinks,DRINKS 7UP 2LT,06547339,4.51,DRINKS,B,,,,,,
Drinks,DRINKS CRUSH CREAM SODA 2LT,05630804,4.51,DRINKS,B,,,,,,
Drinks,DRINKS CRUSH ORANGE 2LT,05609008,4.69,DRINKS,B,,,,,,
Drinks,DRINKS DR PAPPER 2LT,054900000608,4.51,DRINKS,B,,,,,,
Drinks,DRINKS ZERO SUGAR 710,067000107467,3.94,DRINKS,B,,,,,,
Drinks,Ensure Protein Drink Strawberry,055325004301,3.75,DRINKS NO TAX,B,,,,,,
Drinks,Ensure Protein Drink Vanilla,055325004288,3.75,DRINKS NO TAX,B,,,,,,
Drinks,Ensure Protien Drink Chocolate,055325004295,3.75,DRINKS NO TAX,B,,,,,,
Drinks,Ensure Reg,055325004127,3.74,DRINKS,B,,,,,,
Drinks,Fanta,067000011061,2.11,DRINKS,B,,,,,,
Drinks,Fanta 2l,067000013843,4.51,DRINKS,B,,,,,,
Drinks,FANTA 2L OR,067000011641,5.01,DRINKS,B,,,,,,
Drinks,Fanta 355,067000013737,1.50,DRINKS,B,,,,,,
Drinks,Fanta 710,067000013874,3.62,DRINKS,B,,,,,,
Drinks,fanta can,067000011559,1.50,DRINKS,B,,,,,,
Drinks,Fanta Strawberry 2L,067000013775,4.51,DRINKS,B,,,,,,
Drinks,FIJI 1.5L,632565000234,5.07,DRINKS,B,,,,,,
Drinks,FIJI 500ml water,632565000159,2.50,WATER,B,,,,,,
Drinks,FRESCA 2L,06755508,4.51,DRINKS,B,,,,,,
Drinks,FRITR ICED TEA,067311002994,4.51,DRINKS,B,,,,,,
Drinks,FRUITIE FRUIT PUNCH,067311350026,4.51,DRINKS,B,,,,,,
Drinks,fuse,080793793679,1.75,DRINKS,B,,,,,,
Drinks,G CITRON LIME 710UNI,055577421017,3.96,DRINKS,B,,,,,,
Drinks,G COOL BLUE 591UNI,055577420515,3.38,DRINKS,B,,,,,,
Drinks,G COOL BLUE 591UNI,055577420270,2.37,DRINKS,B,,,,,,
Drinks,G COOL CLUE 710UNI,055577421024,3.96,DRINKS,B,,,,,,
Drinks,G FRIU PUNCH 591UNI,055577420263,3.38,DRINKS,B,,,,,,
Drinks,G FRIUT PUNCH 710UNI,055577421000,3.96,DRINKS,B,,,,,,
Drinks,G ORANGE 591UNI,055577420249,3.50,DRINKS,B,,,,,,
Drinks,G ZERO BERRY,057271162647,3.38,DRINKS,B,,,,,,
Drinks,G ZERO BERRY 591UNI,057271162609,3.38,DRINKS,B,,,,,,
Drinks,G ZERO GLACIER FREEZE,057271164122,3.38,DRINKS,B,,,,,,
Drinks,G ZERO LEMON LIM E 591UNI,057271162586,3.38,DRINKS,B,,,,,,
Drinks,G ZERO ORANGE 591UNI,057271162562,3.38,DRINKS,B,,,,,,
Drinks,G-ZERO LIME 591UNI,055577420232,3.50,DRINKS,B,,,,,,
Drinks,G2 FRUIT PUNCH 591UNI,055577420935,3.50,DRINKS,B,,,,,,
Drinks,G2 ORANGE 591UNI,055577420928,3.50,DRINKS,B,,,,,,
Drinks,Gatorade,057271165044,3.50,ENERGY DRINK,B,,,,,,
Drinks,Gatorade,057271555845,3.50,DRINKS,B,,,,,,
Drinks,GATORADE G2 GRAPE 591UNI,055577420942,3.38,DRINKS,B,,,,,,
Drinks,Great Value 500ml Water,605388881243,1.00,WATER,B,,,,,,
Drinks,laker ice black 473 ml,070310001707,2.93,DRINKS,B,,,,,,
Drinks,laker lager 473 ml,070310001578,2.93,DRINKS,B,,,,,,
Drinks,Laker red,620707101970,2.93,DRINKS,B,,,,,,
Drinks,Maison Perrier,055000216500,2.25,DRINKS,B,,,,,,
Drinks,MOJI LIGHTER,853195000535,8.19,DRINKS,B,,,,,,
Drinks,Monster Energy drink,070847900177,4.51,ENERGY DRINK,B,,,,,,
Drinks,MONSTER ORIGINAL,070847811190,4.51,DRINKS,B,,,,,,
Drinks,MONSTER ULTRA PEACHY KEEN,070847890720,4.51,DRINKS,B,,,,,,
Drinks,MONSTER ULTRA ZERO,070847015208,4.51,DRINKS,B,,,,,,
Drinks,MONSTER ZERO SUGAR,070847002901,4.51,DRINKS,B,,,,,,
Drinks,Mug Root Beer 355ml,069000040508,1.50,DRINKS,B,,,,,,
Drinks,NAYA 1.5L,057379121058,3.00,WATER,B,,,,,,
Drinks,Naya 500 ml,057379105010,1.50,WATER,B,,,,,,
Drinks,NAYA 600ml,057379600119,1.75,DRINKS,B,,,,,,
Drinks,Nestea,990484000101,2.50,DRINKS NO TAX,B,,,,,,
Drinks,NESTEA LEMON 355ML,990484000071,1.50,DRINKS,B,,,,,,
Drinks,NESTLE 1L,068274000072,3.00,WATER,B,,,,,,
Drinks,Oasis Apple Grape Juice,067311016991,1.50,JUICE,B,,,,,,
Drinks,Oasis Apple Juice,067311010999,1.50,JUICE,B,,,,,,
Drinks,OASIS ORANGE 300 ML,067311020110,2.00,DRINKS,B,,,,,,
Drinks,Oasis Orange Juice,067311018995,1.50,JUICE,B,,,,,,
Drinks,PEACE TEA PEACH,06766407,2.25,DRINKS,B,,,,,,
Drinks,PEACE TEA RASPBERRY,06766504,2.25,DRINKS,B,,,,,,
Drinks,PEACE TEA SNO BERRY,06787303,2.25,DRINKS,B,,,,,,
Drinks,Peach Tea Peach,2437606766407,2.25,bevrages,B,,,,,,
Drinks,Pepsi Diet 710 ml,069000010662,3.39,DRINKS,B,,,,,,
Drinks,Pepsi zero,069000013830,3.38,DRINKS,B,,,,,,
Drinks,pine apple burst,067311680284,4.03,DRINKS,B,,,,,,
Drinks,POP SHOP BLACK CHERRY,180009000017,2.51,DRINKS,B,,,,,,
Drinks,"POP SHOP COTTON CANDY,GUMS & CHOCOLATES",180009000338,2.51,DRINKS,B,,,,,,
Drinks,POP SHOP CREAM SODA,180009000031,2.51,DRINKS,B,,,,,,
Drinks,POP SHOP LIME,180009000024,2.51,DRINKS,B,,,,,,
Drinks,POWER ADE FRUIT PUNCH,06748605,3.94,DRINKS,B,,,,,,
Drinks,POWER ADE MELON PINEAPPLE,06748809,3.38,DRINKS,B,,,,,,
Drinks,POWER ADE MIX BERRY,06748508,3.94,DRINKS,B,,,,,,
Drinks,POWER ADE ORANGE,06748702,3.38,DRINKS,B,,,,,,
Drinks,powerade zero blue,06794604,3.94,DRINKS,B,,,,,,
Drinks,powerade zero punch,067000011887,3.94,DRINKS,B,,,,,,
Drinks,PREMIER PROTEIN VANILLA 325ML,643843714828,3.74,DRINK/SLUSHY,B,,,,,,
Drinks,Pwrd,06748906,3.94,DRINKS,B,,,,,,
Drinks,RED BULL 250 original,180854000101,4.01,DRINKS,B,,,,,,
Drinks,RED BULL 355 UNI,180854000507,4.24,DRINKS,B,,,,,,
Drinks,RED BULL 473 UNI,180854000774,6.50,DRINKS,B,,,,,,
Drinks,RED BULL SUGAR FREE 250 UNI,180854000309,4.01,DRINKS,B,,,,,,
Drinks,RED BULL SUGAR FREE 355 UNI,180854000606,4.24,DRINKS,B,,,,,,
Drinks,Schweppers Ginger ale,016600000760,3.38,DRINKS,B,,,,,,
Drinks,SCHWEPPES 2LT,016600000395,4.85,DRINKS,B,,,,,,
Drinks,SMART WATER 591ML Water,786162650351,3.00,WATER,B,,,,,,
Drinks,soda club,06224318,1.50,DRINKS,B,,,,,,
Drinks,Solid Vibe,990312906964,4.51,ENERGY DRINK,B,,,,,,
Drinks,Solid Vibe,990312906971,4.51,ENERGY DRINK,B,,,,,,
Drinks,Solid Vibe,990312906957,4.51,ENERGY DRINK,B,,,,,,
Drinks,SPRITE 2L,06750600,4.51,DRINKS,B,,,,,,
Drinks,SPRITE 710 ML,067000104015,3.38,DRINKS,B,,,,,,
Drinks,SPRITE CAN,06793207,1.68,DRINKS,B,,,,,,
Drinks,sprite zero sugar,067000110573,4.85,DRINKS,B,,,,,,
Drinks,Steam Whistle,702915003014,4.51,DRINKS,B,,,,,,
Drinks,stella 473 ml,062067382178,3.94,DRINKS,B,,,,,,
Drinks,SUNNY D ORANGE ST,050200013003,2.25,DRINKS,B,,,,,,
Drinks,SUNNY TANGY ORIGINAL,050200012976,2.25,DRINKS,B,,,,,,
Drinks,ting sparkling grape fruit,858629001065,2.75,DRINKS,B,,,,,,
Drinks,TONIC WATERMELON,613008771300,3.74,DRINKS,B,,,,,,
Drinks,Twisted Tea,087692011248,4.51,DRINKS,B,,,,,,
Drinks,Vita coconut waster 330ml,898999000022,2.81,DRINKS,B,,,,,,
Drinks,Water kirkland,096619321841,1.00,WATER,B,,,,,,
Chips & Snacks,80 GM KABOOM,757528050832,2.25,CHIPS,B,,,,,,
Chips & Snacks,all dressed 60g,060410048665,2.70,CHIPS & SNACKS,B,,,,,,
Chips & Snacks,ALl dresssed CHIPS & SNACKS,060410047231,6.20,CHIPS & SNACKS,B,,,,,,
Chips & Snacks,BBQ CHIPS & SNACKS,060410047262,6.22,CHIPS & SNACKS,B,,,,,,
Chips & Snacks,big daddy bisc,626233743202,3.11,COOKIES,B,,,,,,
Chips & Snacks,Cheetos puffs,060410020197,1.13,CHIPS,B,,,,,,
Chips & Snacks,Dare Mallow,055653435006,3.96,SNACKS,B,,,,,,
Chips & Snacks,Diritos Nacho 70g,060410048474,2.70,CHIPS & SNACKS,B,,,,,,
Chips & Snacks,DOR BLD BBQ 235G,060410054383,6.09,CHIPS & SNACKS,B,,,,,,
Chips & Snacks,DOR COL RNC 235G,060410054468,6.22,CHIPS & SNACKS,B,,,,,,
Chips & Snacks,DOR NCH CHS,060410054406,6.09,CHIPS & SNACKS,B,,,,,,
Chips & Snacks,DOR SWT CHL 235G,060410054420,6.09,CHIPS & SNACKS,B,,,,,,
Chips & Snacks,DOR ZSTY CH 235G,060410054444,6.09,CHIPS & SNACKS,B,,,,,,
Chips & Snacks,Doritos nacho,060410020203,1.13,CHIPS,B,,,,,,
Chips & Snacks,EXCEL POLAR,064900000447,2.50,CHIPS & SNACKS,B,,,,,,
Chips & Snacks,FL MISS VICKIES SPICY DILL P,060410053317,6.20,CHIPS & SNACKS,B,,,,,,
Chips & Snacks,FL OVEN BAKED BBQ 177G,060410061084,6.09,CHIPS & SNACKS,B,,,,,,
Chips & Snacks,FL RUFFLES REGULAR,060410047224,6.22,CHIPS & SNACKS,B,,,,,,
Chips & Snacks,HARIBO GOLD BEARS 150G,4001686396452,3.94,SNACK,B,,,,,,
Chips & Snacks,ket,060410042526,2.47,CHIPS & SNACKS,B,,,,,,
Chips & Snacks,La Petite Danish,055598622103,2.83,COOKIES,B,,,,,,
Chips & Snacks,Lady Sarah Hazel Nut,063517038713,3.72,SNACK,B,,,,,,
Chips & Snacks,LADY SARAH Strawberry,063517038720,3.72,SNACK,B,,,,,,
Chips & Snacks,Lays,060410080078,5.64,CHIPS & SNACKS,B,,,,,,
Chips & Snacks,LAYS BAR BQ 28G,060410009673,1.13,CHIPS,B,,,,,,
Chips & Snacks,lays classic,060410050910,1.13,CHIPS,B,,,,,,
Chips & Snacks,LAYS CLASSIC 235G,060410047019,5.64,CHIPS & SNACKS,B,,,,,,
Chips & Snacks,Lays Classic 60g,060410048603,2.70,CHIPS & SNACKS,B,,,,,,
Chips & Snacks,LAYS DILL PICKLE 220GM,060410079393,5.64,CHIPS,B,,,,,,
Chips & Snacks,Lays Hot N Sweet,060410080054,5.64,CHIPS,B,,,,,,
Chips & Snacks,lays kechup big 220g,060410079430,5.64,CHIPS,B,,,,,,
Chips & Snacks,LAYS LIGHTLY SALTED 235G,060410047118,6.09,CHIPS & SNACKS,B,,,,,,
Chips & Snacks,LAYS MAGIC MASALA 200GM,060410079980,5.64,CHIPS,B,,,,,,
Chips & Snacks,Lays Small Ketchup,060410025987,1.13,SNACK,B,,,,,,
Chips & Snacks,LAYS WAVY ORIGINAL 235G,060410047040,6.09,CHIPS & SNACKS,B,,,,,,
Chips & Snacks,Little Hearts,8901063136250,2.25,SNACK,B,,,,,,
Chips & Snacks,Miss Vickies Origianl 55g,060410071830,2.70,CHIPS & SNACKS,B,,,,,,
Chips & Snacks,MISS VICKIES SOUR CREAM & ONION,060410073773,6.09,CHIPS & SNACKS,B,,,,,,
Chips & Snacks,MISS VICKS SEA SALT 55G,060410901656,3.04,CHIPS,B,,,,,,
Chips & Snacks,original CHIPS & SNACKS,060410046678,6.20,CHIPS & SNACKS,B,,,,,,
Chips & Snacks,Pringles All Dressed,064100147973,5.64,CHIPS & SNACKS,B,,,,,,
Chips & Snacks,PRINGLES BBQ,064100111370,5.64,CHIPS & SNACKS,B,,,,,,
Chips & Snacks,Pringles BBQ 68g,064100119352,3.01,CHIPS,B,,,,,,
Chips & Snacks,PRINGLES HOT ONES 156G,064100150546,4.51,CHIPS,B,,,,,,
Chips & Snacks,Pringles Masala,064100159396,5.64,CHIPS & SNACKS,B,,,,,,
Chips & Snacks,Pringles Origianl 67g,064100852617,3.01,CHIPS & SNACKS,B,,,,,,
Chips & Snacks,PRINGLES ORIGINAL,064100111332,5.64,CHIPS & SNACKS,B,,,,,,
Chips & Snacks,PRINGLES SALT & VINEGAR,064100111417,5.64,CHIPS & SNACKS,B,,,,,,
Chips & Snacks,Pringles Sauce chilly,064100159372,5.64,CHIPS & SNACKS,B,,,,,,
Chips & Snacks,PRINGLES SOUR CREAM& ONION,064100111356,5.64,CHIPS & SNACKS,B,,,,,,
Chips & Snacks,Pringles Spicy hot pot,064100159433,5.64,CHIPS & SNACKS,B,,,,,,
Chips & Snacks,Real Kimchi Noodle,8801052043661,4.51,SNACK,B,,,,,,
Chips & Snacks,regular CHIPS & SNACKS,060410047217,6.20,CHIPS & SNACKS,B,,,,,,
Chips & Snacks,RUFFELS CREAM ONION 28G,060410055076,1.13,CHIPS,B,,,,,,
Chips & Snacks,Ruffles,060410021842,1.13,CHIPS,B,,,,,,
Chips & Snacks,RUFFLES CHEDDAR & SOUR CREAM,060410075098,6.09,CHIPS & SNACKS,B,,,,,,
Chips & Snacks,salt nd vinegar lays,060410079478,5.64,CHIPS,B,,,,,,
Chips & Snacks,Sea salt & malt vinegar,060410046715,6.22,CHIPS & SNACKS,B,,,,,,
Chips & Snacks,Smart food,060410029886,6.09,CHIPS & SNACKS,B,,,,,,
Chips & Snacks,SMARTFOOD MOVIE NIGHT BUTTER,060410029909,6.22,CHIPS & SNACKS,B,,,,,,
Chips & Snacks,Smartfood White Cheddar 45g,060410006139,2.70,CHIPS & SNACKS,B,,,,,,
Chips & Snacks,Sour cream & BaconCHIPS & SNACKS,060410047255,6.09,CHIPS & SNACKS,B,,,,,,
Chips & Snacks,Sour cream & Onion CHIPS & SNACKS,060410047248,6.22,CHIPS & SNACKS,B,,,,,,
Chips & Snacks,sour cream and onion small,060410047644,2.70,CHIPS & SNACKS,B,,,,,,
Chips & Snacks,Sour Cream Onion 68g,064100852624,3.01,CHIPS,B,,,,,,
Chips & Snacks,TAKIES BLUE HEAT,757528051143,4.51,CHIPS & SNACKS,B,,,,,,
Chips & Snacks,TAKIS FUEGO 260GM,757528052935,4.51,CHIPS,B,,,,,,
Chips & Snacks,Takis int. nacho,757528050511,4.51,CHIPS & SNACKS,B,,,,,,
Chips & Snacks,Uncle Rays BBQ CHIPS & SNACKS 130g,614156061527,2.83,CHIPS & SNACKS,B,,,,,,
Chips & Snacks,Uncle Rays potato CHIPS & SNACKS 130g,614156061503,2.83,CHIPS & SNACKS,B,,,,,,
Chips & Snacks,Uncle Rays Ripple 130g,614156061510,2.83,CHIPS & SNACKS,B,,,,,,
Chips & Snacks,VAGGIE ORIG.,829515301378,4.51,CHIPS,B,,,,,,
Chips & Snacks,VEGGIE ORIGINAL,829515308582,4.28,CHIPS,B,,,,,,
Chips & Snacks,ZESTY RANCH,829515324629,5.64,CHIPS,B,,,,,,
Candy & Chocolate,5 gum acsent,064900227035,3.49,CANDY GUMS CHOCOLATES,B,,,,,,
Candy & Chocolate,5 gum cobalt,064900408403,3.38,CANDY GUMS CHOCOLATES,B,,,,,,
Candy & Chocolate,5 gum flood,064900429170,3.49,CANDY GUMS CHOCOLATES,B,,,,,,
Candy & Chocolate,5 gum prism,064900423987,3.38,CANDY GUMS CHOCOLATES,B,,,,,,
Candy & Chocolate,5 gum rain,064900408380,3.49,CANDY GUMS CHOCOLATES,B,,,,,,
Candy & Chocolate,AIRHEAD 15.6G CHERRY,073390002015,0.61,CANDY GUMS CHOCOLATES,B,,,,,,
Candy & Chocolate,AIRHEADS 15.6G BLUE RASPBERRY,073390002206,0.60,CANDY GUMS CHOCOLATES,B,,,,,,
Candy & Chocolate,AIRHEADS 15.6G WATER MELON,073390002039,0.99,CANDY GUMS CHOCOLATES,B,,,,,,
Candy & Chocolate,airheads sour,073390016463,0.75,CANDY GUMS CHOCOLATES,B,,,,,,
Candy & Chocolate,BABY DIPPER SOUR  38G,060631932507,2.81,CANDY GUMS CHOCOLATES,B,,,,,,
Candy & Chocolate,CADBURY CARAMILK,06105422,2.50,CANDY GUMS CHOCOLATES,B,,,,,,
Candy & Chocolate,CADBURY CRUNCHIE,061200225952,2.25,CANDY GUMS CHOCOLATES,B,,,,,,
Candy & Chocolate,Caramilk,06109224,2.25,CANDY GUMS CHOCOLATES,B,,,,,,
Candy & Chocolate,CRY BABY,059642370019,2.00,CANDY GUMS CHOCOLATES,B,,,,,,
Candy & Chocolate,Cry Baby Assorted Gum Balls 36g,059642340012,1.75,CANDY GUMS CHOCOLATES,B,,,,,,
Candy & Chocolate,Dairy Milk 38g,061200018424,2.50,CANDY GUMS CHOCOLATES,B,,,,,,
Candy & Chocolate,DAIRY MILK FRUIT & NUT 38GM,061200018448,2.50,CANDY GUMS CHOCOLATES,B,,,,,,
Candy & Chocolate,Dentyne Ice,073390055615,2.25,CANDY GUMS CHOCOLATES,B,,,,,,
Candy & Chocolate,DENTYNE ICE SPEARMINT 12 PCS,073390055875,2.25,CANDY GUMS CHOCOLATES,B,,,,,,
Candy & Chocolate,Double Bubble,05964253,0.28,CANDY GUMS CHOCOLATES,B,,,,,,
Candy & Chocolate,Double Bubble Gum Balls 36g,059642340005,1.75,CANDY GUMS CHOCOLATES,B,,,,,,
Candy & Chocolate,DUBBLE BUBBLR 6PCS,059642370002,2.00,CANDY GUMS CHOCOLATES,B,,,,,,
Candy & Chocolate,EXCEL,064900000324,2.50,CANDY GUMS CHOCOLATES,B,,,,,,
Candy & Chocolate,Excel spearmint 12 pc singkles,064900000317,2.50,CANDY GUMS CHOCOLATES,B,,,,,,
Candy & Chocolate,excel white bubble gum gum,064900409554,2.50,CANDY GUMS CHOCOLATES,B,,,,,,
Candy & Chocolate,FERRERO ROCHER,06202945,3.24,CANDY GUMS CHOCOLATES,B,,,,,,
Candy & Chocolate,Fishermans Friend,05899753,3.96,CANDY GUMS CHOCOLATES,B,,,,,,
Candy & Chocolate,Halls cherry flavour sugarfree,057700229958,2.54,CANDY GUMS CHOCOLATES,B,,,,,,
Candy & Chocolate,HALLS EXTRA FORT,057700212752,2.54,CANDY GUMS CHOCOLATES,B,,,,,,
Candy & Chocolate,halls honey lemon,057700628805,2.54,CANDY GUMS CHOCOLATES,B,,,,,,
Candy & Chocolate,halls regular,057700229972,2.50,CANDY GUMS CHOCOLATES,B,,,,,,
Candy & Chocolate,halls vitamin c citrus,057700853863,2.54,CANDY GUMS CHOCOLATES,B,,,,,,
Candy & Chocolate,HERSHEYS COOKIES & CRACKERS N CREME S,06811307,3.24,CANDY GUMS CHOCOLATES,B,,,,,,
Candy & Chocolate,"HERSHEYS MILK CANDY,GUMS & CHOCOLATES",05663135,3.24,CANDY GUMS CHOCOLATES,B,,,,,,
Candy & Chocolate,HUBBA BUBBA MX ORI,064900000881,2.81,CANDY GUMS CHOCOLATES,B,,,,,,
Candy & Chocolate,"Huer CANDY,GUMS & CHOCOLATES Cup Gummy 1",771047240017,4.51,CANDY GUMS CHOCOLATES,B,,,,,,
Candy & Chocolate,ice vbreakers berry splash,06884701,3.94,CANDY GUMS CHOCOLATES,B,,,,,,
Candy & Chocolate,JACK LIKS PEPPRONI 22G,017082879035,1.50,CANDY GUMS CHOCOLATES,B,,,,,,
Candy & Chocolate,JACK LIKS PEPPRONI 22G HOT,017082879011,1.57,CANDY GUMS CHOCOLATES,B,,,,,,
Candy & Chocolate,juicy fruit original,064900409653,2.50,CANDY GUMS CHOCOLATES,B,,,,,,
Candy & Chocolate,KINDER BUENO,062020000682,3.38,CANDY GUMS CHOCOLATES,B,,,,,,
Candy & Chocolate,Kinder Chocolate,06202343,1.99,CANDY GUMS CHOCOLATES,B,,,,,,
Candy & Chocolate,KINDER EGG,06202644,2.54,CANDY GUMS CHOCOLATES,B,,,,,,
Candy & Chocolate,KOOL-AID LOLLIPOP DIPPERS,083933232878,3.38,CANDY GUMS CHOCOLATES,B,,,,,,
Candy & Chocolate,"M & M CANDY,GUMS & CHOCOLATES 48G",058496812317,2.81,CANDY GUMS CHOCOLATES,B,,,,,,
Candy & Chocolate,M & M PEANUT 49G,058496812324,2.81,CANDY GUMS CHOCOLATES,B,,,,,,
Candy & Chocolate,M&M MILK CHOC 87.9G,040000497523,3.38,CANDY GUMS CHOCOLATES,B,,,,,,
Candy & Chocolate,MARS,058496328733,2.49,CANDY GUMS CHOCOLATES,B,,,,,,
Candy & Chocolate,MAYNARDS FUZZY PEACH 64G,057700215876,2.50,CANDY GUMS CHOCOLATES,B,,,,,,
Candy & Chocolate,MAYNARDS SOUR PATCH KIDS 60G,057700221921,2.50,CANDY GUMS CHOCOLATES,B,,,,,,
Candy & Chocolate,MEMTOS MINT,073390000110,2.25,CANDY GUMS CHOCOLATES,B,,,,,,
Candy & Chocolate,Mentos fruit,073390000165,2.25,CANDY GUMS CHOCOLATES,B,,,,,,
Candy & Chocolate,NERDS GRAPE 46.7G,079200370107,2.50,CANDY GUMS CHOCOLATES,B,,,,,,
Candy & Chocolate,NERDS GUMMY CLUSTERS 142G,079200066369,5.64,CANDY GUMS CHOCOLATES,B,,,,,,
Candy & Chocolate,NESTLE AERO,059800000116,2.50,CANDY GUMS CHOCOLATES,B,,,,,,
Candy & Chocolate,NESTLE AERO MINT,059800523110,2.50,CANDY GUMS CHOCOLATES,B,,,,,,
Candy & Chocolate,NESTLE GENERAL ITEMS CRISP,059800000215,2.50,CANDY GUMS CHOCOLATES,B,,,,,,
Candy & Chocolate,NESTLE KIT KAT,05980331,2.25,CANDY GUMS CHOCOLATES,B,,,,,,
Candy & Chocolate,NESTLE SMARTIES,05986034,2.25,CANDY GUMS CHOCOLATES,B,,,,,,
Candy & Chocolate,Nutella Bread Sticks,062020050526,3.94,CANDY GUMS CHOCOLATES,B,,,,,,
Candy & Chocolate,Peel Pop,850079218710,3.38,CANDY GUMS CHOCOLATES,B,,,,,,
Candy & Chocolate,Peel pop,850079218642,3.38,CANDY GUMS CHOCOLATES,B,,,,,,
Candy & Chocolate,Peel Pop,850079218673,3.38,CANDY GUMS CHOCOLATES,B,,,,,,
Candy & Chocolate,Peel pop,850079218666,3.38,CANDY GUMS CHOCOLATES,B,,,,,,
Candy & Chocolate,Peel Pop,850079218703,3.38,CANDY GUMS CHOCOLATES,B,,,,,,
Candy & Chocolate,Peelrrz,667888590582,3.94,CANDY GUMS CHOCOLATES,B,,,,,,
Candy & Chocolate,REESES 3 CUP,056600793217,2.25,CANDY GUMS CHOCOLATES,B,,,,,,
Candy & Chocolate,RING POP,041116005190,1.50,CANDY GUMS CHOCOLATES,B,,,,,,
Candy & Chocolate,RXBAR,859162007583,2.50,CANDY GUMS CHOCOLATES,B,,,,,,
Candy & Chocolate,RXBAR,859162007606,2.50,CANDY GUMS CHOCOLATES,B,,,,,,
Candy & Chocolate,RXBAR,24435,2.50,CANDY GUMS CHOCOLATES,B,,,,,,
Candy & Chocolate,RXBAR,859162007620,2.50,CANDY GUMS CHOCOLATES,B,,,,,,
Candy & Chocolate,SESAME SNAPS,872590000155,1.13,CANDY GUMS CHOCOLATES,B,,,,,,
Candy & Chocolate,SKITTLES ORIGINAL 61G,058496829605,2.50,CANDY GUMS CHOCOLATES,B,,,,,,
Candy & Chocolate,SKITTLESSOUR 51G,058496894917,2.50,CANDY GUMS CHOCOLATES,B,,,,,,
Candy & Chocolate,SNICKERS,058496422394,2.50,CANDY GUMS CHOCOLATES,B,,,,,,
Candy & Chocolate,tic tac freshmint,062020005618,2.54,CANDY GUMS CHOCOLATES,B,,,,,,
Candy & Chocolate,tic tac fruit,062020005649,3.01,CANDY GUMS CHOCOLATES,B,,,,,,
Candy & Chocolate,TWIX,058496352776,2.25,CANDY GUMS CHOCOLATES,B,,,,,,
Candy & Chocolate,WRIGLEYS DOUBLE MINT,064900409677,3.72,CANDY GUMS CHOCOLATES,B,,,,,,
Ice Cream & Frozen,BEN & JERRY HALF BAKED,058779142759,10.16,ICE CREAMS,B,,,,,,
Ice Cream & Frozen,BEN & JERRY SALTED CARAMEL ALMOND,058779142728,9.03,ICE CREAMS,B,,,,,,
Ice Cream & Frozen,"Ben & Jerry- CANDY,GUMS & CHOCOLATES chi",058779142803,11.29,ICE CREAMS,B,,,,,,
Ice Cream & Frozen,"BN CANDY,GUMS & CHOCOLATES FUDGE BROWNIE",058779142773,10.16,ICE CREAMS,B,,,,,,
Ice Cream & Frozen,"CANDY,GUMS & CHOCOLATES raspberry truffl",055000205702,10.16,Ice cream,B,,,,,,
Ice Cream & Frozen,chuny monkey,058779144524,10.16,Ice cream,B,,,,,,
Ice Cream & Frozen,DRUMSTICK VANILLA CARAMEL,055000563512,4.28,ICE CREAMS,B,,,,,,
Ice Cream & Frozen,DRUMSTICK VANILLA FUDGE,055000563529,4.28,ICE CREAMS,B,,,,,,
Ice Cream & Frozen,Haagen Dazs,055000201827,10.16,Ice cream,B,,,,,,
Ice Cream & Frozen,Haagen Dazs,055000205542,10.16,Ice cream,B,,,,,,
Ice Cream & Frozen,HAAGEN DAZZ VANILLA ALMOND,055000205320,5.41,ICE CREAMS,B,,,,,,
Ice Cream & Frozen,HAAGEN DAZZ VANILLA MILK,055000205306,5.41,ICE CREAMS,B,,,,,,
Ice Cream & Frozen,Haiegendas Choc,055000205665,10.16,ICE CREAMS,B,,,,,,
Ice Cream & Frozen,ICEMAN ICE,694208000278,4.51,ICE,B,,,,,,
Ice Cream & Frozen,kit kat double crunch,055000209120,3.94,ICE CREAMS,B,,,,,,
Ice Cream & Frozen,Mega Sandwich,774276118126,2.25,ICE CREAMS,B,,,,,,
Ice Cream & Frozen,Melona Icecream,8801104943635,2.81,Ice cream,B,,,,,,
Ice Cream & Frozen,Melona strawberry,8801104948418,2.81,Ice cream,B,,,,,,
Ice Cream & Frozen,mr.freeze,064331757309,1.01,ICE CREAMS,B,,,,,,
Ice Cream & Frozen,"Nestle drumstick CANDY,GUMS & CHOCOLATES",055000174534,4.51,ICE CREAMS,B,,,,,,
Ice Cream & Frozen,Nestle drumstick salty caramel,055000174589,4.51,ICE CREAMS,B,,,,,,
Ice Cream & Frozen,Nestle drumstick strawberry,055000174565,4.51,ICE CREAMS,B,,,,,,
Ice Cream & Frozen,Nestle oreoASSORTED SANDWICH single,060000610203,3.94,ICE CREAMS,B,,,,,,
Ice Cream & Frozen,NESTLE VANILLA CAKE,055000681728,2.25,ICE CREAMS,B,,,,,,
Ice Cream & Frozen,Parlour Juice Pop,05506101,1.75,Ice cream,B,,,,,,
Ice Cream & Frozen,parlour Pop Mango,05506208,1.75,Ice cream,B,,,,,,
Ice Cream & Frozen,POPSICLE LIFE SAVER,055000600460,3.15,ICE CREAMS,B,,,,,,
Dairy,20 INCH FOIL,057351222230,4.51,DAIRY PRODUCTS TAXABLE,B,,,,,,
Dairy,Coffee Cream 1L,064420002389,4.99,DAIRY PRODUCTS,B,,,,,,
Dairy,NESTLE BUTTERSCOTH SUNDAE,055000892964,7.50,DAIRY PRODUCTS,B,,,,,,
Dairy,Nestle Parlour French Vanille,055000893008,7.50,DAIRY PRODUCTS,B,,,,,,
Dairy,Nestle Parlour Vanilla,055000893053,7.50,DAIRY PRODUCTS,B,,,,,,
Dairy,sealtest 2%,064420000798,3.99,DAIRY PRODUCTS,B,,,,,,
Dairy,SEALTEST 3.25% 1L,064420000224,4.51,DAIRY PRODUCTS TAXABLE,B,,,,,,
Dairy,"SEALTEST CANDY,GUMS & CHOCOLATES MILK 47",064420201713,2.25,DAIRY PRODUCTS TAXABLE,B,,,,,,
Grocery,",R.GENERAL ITEMSS SPICY CHICKEN KIMCHI",059491002819,2.00,GROCERY NO TAX,B,,,,,,
Grocery,Advil 10 Tablets,062107004015,5.99,GROCERY NO TAX,B,,,,,,
Grocery,Aluminum Foil,806712305019,3.38,GROCERY,B,,,,,,
Grocery,Arm and Hammer Baking soda,065333001100,2.99,GROCERY NO TAX,B,,,,,,
Grocery,Axe 48H,079400412935,4.99,GROCERY NO TAX,B,,,,,,
Grocery,axe appoloo,7791293041100,6.77,GROCERY,B,,,,,,
Grocery,Bounty plus,030772201565,4.51,GROCERY,B,,,,,,
Grocery,Brioche Bun,059243002302,4.50,GROCERY NO TAX,B,,,,,,
Grocery,BULDUK SPICY CHIKEN 105 G,8801073210363,3.94,GROCERY,B,,,,,,
Grocery,BULDUK SPICY RAMEN 105 G,192699000987,4.01,GROCERY,B,,,,,,
Grocery,Carnation evaporated Milk 354ml,059000003115,2.99,GROCERY NO TAX,B,,,,,,
Grocery,Catch master,029049006101,6.77,GROCERY,B,,,,,,
Grocery,Chap Ice,008130010128,6.00,GROCERY NO TAX,B,,,,,,
Grocery,Chcken Vienna Sausages 130g,05527241,2.50,GROCERY NO TAX,B,,,,,,
Grocery,CHOCC,06796038,2.50,GROCERY NO TAX,B,,,,,,
Grocery,Christie Chips Ahoy,066721006233,4.50,GROCERY NO TAX,B,,,,,,
Grocery,CL CHUNK LIGHT TUNA,061362434704,3.99,GROCERY NO TAX,B,,,,,,
Grocery,Cling Wrap,067489106371,5.64,GROCERY,B,,,,,,
Grocery,Clorox,055500017294,6.77,GROCERY,B,,,,,,
Grocery,Cockroach trap,063252391913,2.25,GROCERY,B,,,,,,
Grocery,Colgate Brush,058000309166,3.38,GROCERY,B,,,,,,
Grocery,Cranberry juice Original 1.89l,031200445261,6.77,GROCERY,B,,,,,,
Grocery,Craze chocolays,777550513471,5.19,BAKERY,B,,,,,,
Grocery,Delicious kitchen coconut water,628915831481,2.25,GROCERY,B,,,,,,
Grocery,DEMPSTERS WHITE,068721002222,3.50,GROCERY NO TAX,B,,,,,,
Grocery,Dippity,067545029217,6.00,GROCERY NO TAX,B,,,,,,
Grocery,Downy softner,030772100332,11.29,GROCERY,B,,,,,,
Grocery,egg burnbrae 12,065651000052,4.99,GROCERY NO TAX,B,,,,,,
Grocery,ensure 50%less sugar,055325002178,3.75,GROCERY NO TAX,B,,,,,,
Grocery,Ensure drink,055325004011,3.75,GROCERY NO TAX,B,,,,,,
Grocery,Eska,671785100034,3.01,GROCERY,B,,,,,,
Grocery,Febreze air mist,030772030868,7.35,GROCERY,B,,,,,,
Grocery,frenchs ketchup,056200926466,5.99,GROCERY NO TAX,B,,,,,,
Grocery,Friskie turkey and Giblets Dinner 156g,056366115797,2.47,PET FOOD,B,,,,,,
Grocery,Friskie turkey Dinner 156g,056366115773,2.00,PET FOOD,B,,,,,,
Grocery,FRISKIES CHEFS DINNER,056366006965,1.68,PET FOOD,B,,,,,,
Grocery,FRISKIES CHICKEN & SALMON DINNER,050000161867,2.00,PET FOOD,B,,,,,,
Grocery,FRISKIES CHICKEN DINNER,056366006866,1.68,PET FOOD,B,,,,,,
Grocery,FRISKIES CHICKEN DINNER IN GRAVEY,056366006729,1.68,PET FOOD,B,,,,,,
Grocery,FRISKIES OCEAN WHITEFISH TUNA,056366006897,1.68,PET FOOD,B,,,,,,
Grocery,FRISKIES SALMON DINNER,056366006903,2.00,PET FOOD,B,,,,,,
Grocery,FRISKIES SEAFOOD SUPREME,056366006989,2.00,PET FOOD,B,,,,,,
Grocery,FRISKIES TURKEY & CHEESE DINNER,050000150779,2.00,PET FOOD,B,,,,,,
Grocery,Fujian Black tea,6901118888013,2.99,GROCERY NO TAX,B,,,,,,
Grocery,Glue snare,6953937164014,4.51,GROCERY,B,,,,,,
Grocery,Hellmans Mayo 340 ML,068400508656,9.03,GROCERY,B,,,,,,
Grocery,Hello Panda,072320700403,1.13,GROCERY,B,,,,,,
Grocery,IP PASTA,068062021746,4.99,GROCERY NO TAX,B,,,,,,
Grocery,Jumbo Hamburger Bun,055742576344,6.20,BAKERY,B,,,,,,
Grocery,Kalas sea salt,061308400107,2.99,GROCERY NO TAX,B,,,,,,
Grocery,Kikkoman Soy Sauce,041390001055,9.03,GROCERY,B,,,,,,
Grocery,Kirkland Tissue,096619960095,10.16,GROCERY,B,,,,,,
Grocery,Lancia Fusilli,064200130585,2.50,GROCERY NO TAX,B,,,,,,
Grocery,Large Trey,055966900321,5.09,GROCERY,B,,,,,,
Grocery,Lays 200g,060410079942,5.64,GROCERY,B,,,,,,
Grocery,Luncheon Meat 340g,623190810404,3.50,GROCERY NO TAX,B,,,,,,
Grocery,Margerine,059950300159,5.00,GROCERY NO TAX,B,,,,,,
Grocery,Maxwell Original,066188004698,8.99,GROCERY NO TAX,B,,,,,,
Grocery,MENTOS CINNAMONSTAIN SOFT BATHROOM TISSU,771913677282,3.38,GROCERY,B,,,,,,
Grocery,Milano Giant Lady Biscuts,062858101209,4.51,GROCERY,B,,,,,,
Grocery,Mr GENERAL ITEMS chicken,059491002505,2.00,GROCERY NO TAX,B,,,,,,
Grocery,Mr GENERAL ITEMS pack beef,059491000358,1.00,GROCERY NO TAX,B,,,,,,
Grocery,Mr GENERAL ITEMS pack chicken,059491000501,1.00,GROCERY NO TAX,B,,,,,,
Grocery,Mr GENERAL ITEMS pack spicy chicken,059491000778,1.00,GROCERY NO TAX,B,,,,,,
Grocery,Mr GENERAL ITEMS spcy chicken,059491002550,2.00,GROCERY NO TAX,B,,,,,,
Grocery,MR. GENERAL ITEMSS SPICY BEEF,059491000785,1.00,GROCERY NO TAX,B,,,,,,
Grocery,Munchies peanuts,060410074848,2.25,FOOD ITMES,B,,,,,,
Grocery,Nescafe,055000489256,9.99,GROCERY NO TAX,B,,,,,,
Grocery,Nescafe Gold,055000383998,13.00,GROCERY NO TAX,B,,,,,,
Grocery,Nescafe Rich,055000008815,9.50,GROCERY NO TAX,B,,,,,,
Grocery,NESCAFE RICH 100GM,055000008839,11.29,GROCERY,B,,,,,,
Grocery,Nongshim Spicy Chicken Bowl GENERAL ITEM,031146250301,2.81,GROCERY,B,,,,,,
Grocery,Oasis Red Grape,067311241218,2.00,GROCERY,B,,,,,,
Grocery,OCEAN SPRAY CANNEBERY,031200046079,5.99,GROCERY NO TAX,B,,,,,,
Grocery,Old dutch,063474104179,5.64,GROCERY,B,,,,,,
Grocery,Oreo Golden,066721026613,4.50,GROCERY NO TAX,B,,,,,,
Grocery,Oreo Puffs,628154458197,5.50,GROCERY NO TAX,B,,,,,,
Grocery,OREO THE ORIGINAL 270G,066721026590,4.99,GROCERY NO TAX,B,,,,,,
Grocery,ORVILLE BUTTER,058807489092,1.69,GROCERY NO TAX,B,,,,,,
Grocery,ORVILLE EXTRA BUTTER,058807485247,1.99,GROCERY NO TAX,B,,,,,,
Grocery,Pabst,056910406418,2.93,DELI,B,,,,,,
Grocery,Pall Mall bold,059300027781,14.50,GROCERY NO TAX,B,,,,,,
Grocery,PALL MALL BOLD KS25,059300027798,18.00,GROCERY NO TAX,A,,,,,,
Grocery,PALL MALL FULL KS 20,059300024766,14.50,GROCERY NO TAX,B,,,,,,
Grocery,PALL MALL FULL RG 20,059300024742,14.50,GROCERY NO TAX,B,,,,,,
Grocery,PALL MALL FULLM KS,059300024773,18.00,GROCERY NO TAX,A,,,,,,
Grocery,PALL MALL SMOOTH KS 20,059300024803,14.50,GROCERY NO TAX,B,,,,,,
Grocery,PALL MALL SMOOTH KS RG,059300054879,18.00,GROCERY NO TAX,A,,,,,,
Grocery,PALL MALL SMOOTH RG 20,059300024780,14.50,GROCERY NO TAX,B,,,,,,
Grocery,PALL MALL SPECIAL XL FULL 20,059300053339,14.50,GROCERY NO TAX,B,,,,,,
Grocery,PALLMALL SMOOTH KS25,059300024810,18.00,GROCERY NO TAX,A,,,,,,
Grocery,PASSION FLAKIE,06797231,2.81,BAKERY,B,,,,,,
Grocery,PC Club soda,060383125189,4.51,GROCERY,B,,,,,,
Grocery,Pepto Bismol 100ML,301490002674,7.00,GROCERY NO TAX,B,,,,,,
Grocery,Plates,055966913109,5.64,GROCERY,B,,,,,,
Grocery,Primo Elbows 454g,055900000346,2.50,GROCERY NO TAX,B,,,,,,
Grocery,Primo Spaghettini,055900000322,2.50,GROCERY NO TAX,B,,,,,,
Grocery,primo thick and zesty,055900006621,3.50,GROCERY NO TAX,B,,,,,,
Grocery,PRINGLES PIZZA,064100111431,5.64,GROCERY,B,,,,,,
Grocery,Pure air,806712305286,3.38,GROCERY,B,,,,,,
Grocery,Pure air,806712310396,3.38,GROCERY,B,,,,,,
Grocery,Pure clean dish washing solution,806712307839,3.38,GROCERY,B,,,,,,
Grocery,Pure klean,806712314905,3.38,GROCERY,B,,,,,,
Grocery,Qtips small,305219051004,4.99,GROCERY NO TAX,B,,,,,,
Grocery,Redpath sugar,062847210233,5.50,GROCERY NO TAX,B,,,,,,
Grocery,Redpath sugar cubes,062847814363,4.99,GROCERY NO TAX,B,,,,,,
Grocery,Rougemont Apple juice 2L,067311010029,5.65,GROCERY,B,,,,,,
Grocery,Saniblend Cleaner,834605003834,16.94,GROCERY,A,,,,,,
Grocery,Shakti Coconut oil,828158272557,9.99,GROCERY NO TAX,B,,,,,,
Grocery,SIFTO FALT,067568110800,2.99,GROCERY NO TAX,B,,,,,,
Grocery,Small Trey,055966900291,2.83,GROCERY,B,,,,,,
Grocery,Snuggle air freshner,087399590954,3.38,GROCERY,B,,,,,,
Grocery,Soy Sauce,667888242337,2.50,GROCERY NO TAX,B,,,,,,
Grocery,Strongmore Aluminium Foil,806712305026,6.77,GROCERY,B,,,,,,
Grocery,Tetley Green Tea,057174024417,4.99,GROCERY NO TAX,B,,,,,,
Grocery,Tetley Orange Pekoe,057174122137,5.99,GROCERY NO TAX,B,,,,,,
Grocery,Tide,030772188460,7.90,GROCERY,B,,,,,,
Grocery,Tide,030772176351,9.03,GROCERY,B,,,,,,
Grocery,Tide detergent,6903148078884,4.51,GROCERY,B,,,,,,
Grocery,Tide detergent,030772176344,9.03,GROCERY,B,,,,,,
Grocery,Tide Original 1L,030772121191,12.42,GROCERY,B,,,,,,
Grocery,Tim Hortons,063209082277,15.99,GROCERY NO TAX,A,,,,,,
Grocery,Tonkotsu,031146056262,4.52,GROCERY,B,,,,,,
Grocery,TWINKIES,777550011649,2.50,GROCERY NO TAX,B,,,,,,
Grocery,Tylenol extra carry on,062600141118,6.00,GROCERY NO TAX,B,,,,,,
Grocery,Uni blue air freshner,6287508115564,4.51,GROCERY,B,,,,,,
Grocery,UNICO VEGITABLE OIL 3LT.,067800001026,11.99,GROCERY NO TAX,B,,,,,,
Grocery,Venice shot glass,069237012408,4.51,GROCERY,B,,,,,,
Grocery,Visine original,060245405350,9.00,GROCERY NO TAX,B,,,,,,
Grocery,WD-40,061536012721,11.29,GROCERY,B,,,,,,
Grocery,Wellson duct tape,063252385387,3.38,GROCERY,B,,,,,,
Grocery,Wellson insulation tape,063252385462,3.38,GROCERY,B,,,,,,
Grocery,Wellson painters tape,063252385554,3.38,GROCERY,B,,,,,,
Grocery,Whiskas Seafood 670g,058496433215,9.03,PET FOOD,B,,,,,,
Grocery,Wild pard shoe polish,698931001427,4.51,GROCERY,B,,,,,,
Grocery,Wild pard shoe polish,698931001434,3.38,GROCERY,B,,,,,,
Grocery,Wild Pink Salmon,065302000035,5.99,GROCERY NO TAX,B,,,,,,
Grocery,Windsor Table Salt,066010001055,2.99,GROCERY NO TAX,B,,,,,,
Health & Beauty,10 SUPER FORT,627792003264,3.38,HEALTH & BEAUTY,B,,,,,,
Health & Beauty,ALL ONE SIZE,806712311454,4.51,HEALTH & BEAUTY,B,,,,,,
Health & Beauty,Axe Apollo,079400264411,6.77,HEALTH & BEAUTY,B,,,,,,
Health & Beauty,Axe Epic fresh,7791293050638,6.77,HEALTH & BEAUTY,B,,,,,,
Health & Beauty,Axe Phonix,079400550200,6.77,HEALTH & BEAUTY,B,,,,,,
Health & Beauty,Band-aid,381370047544,3.38,HEALTH & BEAUTY,B,,,,,,
Health & Beauty,BIC 5T,3086125705027,6.77,HEALTH & BEAUTY,B,,,,,,
Health & Beauty,BIC BIG LIGHTER,3086120600020,2.83,HEALTH & BEAUTY,B,,,,,,
Health & Beauty,bic small,07033245,2.25,HEALTH & BEAUTY,B,,,,,,
Health & Beauty,BLISTEX REGULAR,041388220611,3.94,HEALTH & BEAUTY,B,,,,,,
Health & Beauty,BOUNCE 15,037000958604,4.51,HEALTH & BEAUTY,B,,,,,,
Health & Beauty,brownies mega,060737739314,2.81,HEALTH & BEAUTY,B,,,,,,
Health & Beauty,BUTANE G,059136991447,6.77,HEALTH & BEAUTY,B,,,,,,
Health & Beauty,Chapstick,062107817417,4.51,HEALTH & BEAUTY,B,,,,,,
Health & Beauty,CLASSIC DOUBLE EDGE BLADES,074809903008,4.51,HEALTH & BEAUTY,B,,,,,,
Health & Beauty,colgate 95 ml,058000313194,3.38,HEALTH & BEAUTY,B,,,,,,
Health & Beauty,COMPOSTABL3E BIRCH FORKS 24,059212314153,4.51,HEALTH & BEAUTY,B,,,,,,
Health & Beauty,Conrstarch Baby Powder,060383157814,9.03,HEALTH & BEAUTY,B,,,,,,
Health & Beauty,Cotton Swabs,806712307785,2.83,HEALTH & BEAUTY,B,,,,,,
Health & Beauty,Dove Hair Spray Extra Hold,079400209832,11.29,HEALTH & BEAUTY,B,,,,,,
Health & Beauty,Dove Men care shampoo,079400469267,10.16,HEALTH & BEAUTY,B,,,,,,
Health & Beauty,Dove Shampoo,079400677297,10.16,HEALTH & BEAUTY,B,,,,,,
Health & Beauty,Du-Rag,698931001885,4.51,HEALTH & BEAUTY,B,,,,,,
Health & Beauty,DURACELL 2 PACK,041333215013,4.51,HEALTH & BEAUTY,B,,,,,,
Health & Beauty,Duracell AA4,041333415017,9.03,HEALTH & BEAUTY,B,,,,,,
Health & Beauty,Duracell AAA2,041333224015,4.51,HEALTH & BEAUTY,B,,,,,,
Health & Beauty,Duracell AAA4,041333424019,9.03,HEALTH & BEAUTY,B,,,,,,
Health & Beauty,Durag,829534916218,4.51,HEALTH & BEAUTY,B,,,,,,
Health & Beauty,Equate Nail Polish Remover,627735010373,6.50,HEALTH & BEAUTY,B,,,,,,
Health & Beauty,FEBEZE MEDITERRANEAN LAVENDER,037000962649,7.90,HEALTH & BEAUTY,B,,,,,,
Health & Beauty,Gain laundry liquid,037000769545,11.29,HEALTH & BEAUTY,B,,,,,,
Health & Beauty,GAIN ORIGINAL DRYER SHEET,037000823650,5.64,HEALTH & BEAUTY,B,,,,,,
Health & Beauty,GARBAGE BAGS,825096000150,2.81,HEALTH & BEAUTY,B,,,,,,
Health & Beauty,Garnier Fructis Shampoo,603084491254,7.90,HEALTH & BEAUTY,B,,,,,,
Health & Beauty,Gillette Series,047400662209,9.03,HEALTH & BEAUTY,B,,,,,,
Health & Beauty,Gillette shaving foam 49gm,065513197661,2.25,HEALTH & BEAUTY,B,,,,,,
Health & Beauty,Glass rose,5421578602741,4.51,HEALTH & BEAUTY,B,,,,,,
Health & Beauty,Global Beauty Care Wipes,814655029749,7.90,HEALTH & BEAUTY,B,,,,,,
Health & Beauty,Gravol easy to swallow,058738325513,7.90,HEALTH & BEAUTY,B,,,,,,
Health & Beauty,Habibi Pre rolled tip,788413295601,4.51,HEALTH & BEAUTY,B,,,,,,
Health & Beauty,HOT RIDER,070907298558,3.38,HEALTH & BEAUTY,B,,,,,,
Health & Beauty,JUMBO COTTON BALLS,059338125077,2.25,HEALTH & BEAUTY,B,,,,,,
Health & Beauty,Lesalon Cosmetic pads,061541478116,2.54,HEALTH & BEAUTY,B,,,,,,
Health & Beauty,Lesalon nail clipper,061541046056,3.38,HEALTH & BEAUTY,B,,,,,,
Health & Beauty,LETS PARTY 24,062823450493,2.81,HEALTH & BEAUTY,B,,,,,,
Health & Beauty,Lip Medex,04138891,4.51,HEALTH & BEAUTY,B,,,,,,
Health & Beauty,Lovu cotton swabs,059338134666,4.51,HEALTH & BEAUTY,B,,,,,,
Health & Beauty,Lsta mint chill,814724020141,2.50,HEALTH & BEAUTY,B,,,,,,
Health & Beauty,Magnum,061700912208,4.51,HEALTH & BEAUTY,B,,,,,,
Health & Beauty,Meta pipe 50,088169002554,5.64,HEALTH & BEAUTY,B,,,,,,
Health & Beauty,NIBO BUTANE 162G,061740110121,5.64,HEALTH & BEAUTY,B,,,,,,
Health & Beauty,Nivea Men Boost Shower Gel,056594018679,10.16,HEALTH & BEAUTY,B,,,,,,
Health & Beauty,Nivea Men Shower Gel,056594008632,10.16,HEALTH & BEAUTY,B,,,,,,
Health & Beauty,Nivea men Shower Gel,056594010130,10.16,HEALTH & BEAUTY,B,,,,,,
Health & Beauty,Noorani Hanna,813107000022,6.77,HEALTH & BEAUTY,B,,,,,,
Health & Beauty,Noorani Hanna,813107000015,6.77,HEALTH & BEAUTY,B,,,,,,
Health & Beauty,PAMOLIVE 828UNI,035000463036,4.51,HEALTH & BEAUTY,B,,,,,,
Health & Beauty,Panasonic AA4,073096500235,3.38,HEALTH & BEAUTY,B,,,,,,
Health & Beauty,Panasonic AAA4,073096500273,3.38,HEALTH & BEAUTY,B,,,,,,
Health & Beauty,Pantene,080878044481,9.03,HEALTH & BEAUTY,B,,,,,,
Health & Beauty,Pur-est Cotton swab,806712309116,2.83,HEALTH & BEAUTY,B,,,,,,
Health & Beauty,Pur-est liquid soap,806712304708,4.51,HEALTH & BEAUTY,B,,,,,,
Health & Beauty,Pur-est liquid soap,806712306870,4.51,HEALTH & BEAUTY,B,,,,,,
Health & Beauty,Q-tips cotton swabs,065656913500,5.64,HEALTH & BEAUTY,B,,,,,,
Health & Beauty,"RAID ANT,ROACH & EARWIG",062300017256,14.68,HEALTH & BEAUTY,B,,,,,,
Health & Beauty,RAW CLASSIC CONES,716165177111,4.51,HEALTH & BEAUTY,B,,,,,,
Health & Beauty,reactine EXTRA STRENGTH,060245250035,7.90,HEALTH & BEAUTY,B,,,,,,
Health & Beauty,RONSON,059136991423,5.64,HEALTH & BEAUTY,B,,,,,,
Health & Beauty,royal,063435704073,4.85,HEALTH & BEAUTY,B,,,,,,
Health & Beauty,ROYAL OAK CHARCOAL LIGHTER 946UNI,016800233005,6.77,HEALTH & BEAUTY,B,,,,,,
Health & Beauty,ROYAL SCRUB,063920019347,3.04,HEALTH & BEAUTY,B,,,,,,
Health & Beauty,SBK Knee support,6939535768113,4.51,HEALTH & BEAUTY,B,,,,,,
Health & Beauty,SCOTTIES,061328805036,2.54,HEALTH & BEAUTY,B,,,,,,
Health & Beauty,SKITTLES GUMMIES ORIGINAL 57G,058496460785,2.25,HEALTH & BEAUTY,B,,,,,,
Health & Beauty,Softsoap Body Wash,074182473518,7.90,HEALTH & BEAUTY,B,,,,,,
Health & Beauty,SOS 10 PADS,067029931012,3.38,HEALTH & BEAUTY,B,,,,,,
Health & Beauty,Spa Soap,852474166313,4.51,HEALTH & BEAUTY,B,,,,,,
Health & Beauty,speed stick,022200940214,6.77,HEALTH & BEAUTY,B,,,,,,
Health & Beauty,SPEED STICK COOL CLEAN,022200940252,6.77,HEALTH & BEAUTY,B,,,,,,
Health & Beauty,TABLE ACCENT PLASTIC TEASPOON,055966908143,3.38,HEALTH & BEAUTY,B,,,,,,
Health & Beauty,TABLE ACCENTS 15 PAPER PLATES,055966913062,3.96,HEALTH & BEAUTY,B,,,,,,
Health & Beauty,TABLE ACCENTS FORKS,055966908129,2.59,HEALTH & BEAUTY,B,,,,,,
Health & Beauty,TANG ORANGE,066188055300,4.51,HEALTH & BEAUTY,B,,,,,,
Health & Beauty,tide og 1 litre,030772121207,12.42,HEALTH & BEAUTY,B,,,,,,
Health & Beauty,TMPR Hydrogen Peroxide,757350671519,4.51,HEALTH & BEAUTY,B,,,,,,
Health & Beauty,Trojan classic,061700930509,4.51,HEALTH & BEAUTY,B,,,,,,
Health & Beauty,Trojan naked,061700915445,4.51,HEALTH & BEAUTY,B,,,,,,
Health & Beauty,TUFF GUYY 40 STRONG GARBAGE BAGS,055966994436,9.03,HEALTH & BEAUTY,B,,,,,,
Health & Beauty,TWEEZERS,071603529007,3.49,HEALTH & BEAUTY,B,,,,,,
Health & Beauty,Tylenol Extra strength ez tabs,064541301378,9.03,HEALTH & BEAUTY,B,,,,,,
Health & Beauty,VASELINE BLUESEAL,60014399,3.38,HEALTH & BEAUTY,B,,,,,,
Health & Beauty,VASELINE UV 100 ML,8901030669125,4.51,HEALTH & BEAUTY,B,,,,,,
Health & Beauty,WINDEX ORIGINAL,059200807704,7.90,HEALTH & BEAUTY,B,,,,,,
Health & Beauty,Xtricity light bulb clear 60 watts,621139639024,3.38,HEALTH & BEAUTY,B,,,,,,
Health & Beauty,ZIPPO FLUID 355ML,041689301224,13.55,HEALTH & BEAUTY,B,,,,,,
Household & General,25D Lighter,705833099671,1.70,GENERAL ITEMS,B,,,,,,
Household & General,Aluminium Foil,059212997622,5.64,GENERAL ITEMS,B,,,,,,
Household & General,Bandage,806712311461,3.38,GENERAL ITEMS,B,,,,,,
Household & General,Bandage,806712311553,3.38,GENERAL ITEMS,B,,,,,,
Household & General,BANDANA,825096001904,3.38,GENERAL ITEMS,B,,,,,,
Household & General,BICYCLE PLAYING CARDS,060549008080,4.51,STATIONARY,B,,,,,,
Household & General,BLUE BEER CUP,059212710023,3.22,HOUSE HOLD ITEM,B,,,,,,
Household & General,bounce 34,037000823322,5.64,OTHER,B,,,,,,
Household & General,BRASS LOCK 25MM,063252363729,3.50,SEASONAL,B,,,,,,
Household & General,bubbly mango,69000159361,2.59,GENERAL ITEMS,B,,,,,,
Household & General,Cheerios,065633234512,5.50,GENERAL NO TAX,B,,,,,,
Household & General,Clorox,055500017287,6.77,GENERAL ITEMS,B,,,,,,
Household & General,Corned Beef 340g,055270961100,5.99,GENERAL NO TAX,B,,,,,,
Household & General,Cutlery,836739321877,4.51,GENERAL ITEMS,B,,,,,,
Household & General,Cutlery,836739322140,4.51,GENERAL ITEMS,B,,,,,,
Household & General,Dettol,8901396354604,13.55,GENERAL ITEMS,B,,,,,,
Household & General,DOOR GUARD LOCK,063252376811,3.94,HARDWARE,B,,,,,,
Household & General,Eggs 12 Large,065651000021,5.00,GENERAL NO TAX,B,,,,,,
Household & General,Gain Detergent liq.,030772247747,7.90,GENERAL ITEMS,B,,,,,,
Household & General,gain original,030772225813,7.90,GENERAL ITEMS,B,,,,,,
Household & General,hip flask,6911831010035,11.29,OTHER,B,,,,,,
Household & General,hip flask,6911831010028,11.29,OTHER,B,,,,,,
Household & General,Kirkland towel,096619188109,4.51,HOUSE HOLD ITEM,B,,,,,,
Household & General,Lays Sour Cream & Onion,060410079492,5.64,GENERAL ITEMS,B,,,,,,
Household & General,LD LIGHTER,060100043963,3.00,GENERAL NO TAX,B,,,,,,
Household & General,OCB Regular,3057068029709,3.38,GENERAL ITEMS,B,,,,,,
Household & General,Old dutch,063474313496,8.92,GENERAL ITEMS,B,,,,,,
Household & General,Pure Air,055966919088,7.35,GENERAL ITEMS,B,,,,,,
Household & General,Pure air,806712310402,7.35,GENERAL ITEMS,B,,,,,,
Household & General,Purew Air,806712305279,7.35,GENERAL ITEMS,B,,,,,,
Household & General,Small Aluminium tray,055966202173,3.38,GENERAL ITEMS,B,,,,,,
Household & General,sparemint,073390055905,3.38,GENERAL ITEMS,B,,,,,,
Household & General,Tea bag,059749938747,8.99,GENERAL NO TAX,B,,,,,,
Household & General,Tide,030772176368,9.03,GENERAL ITMES,B,,,,,,
Household & General,Tide Matic,4987176179906,9.03,GENERAL ITEMS,B,,,,,,
Household & General,Titan Freezer Bags,059212971448,3.11,GENERAL ITEMS,B,,,,,,
Electronics,Adaptor Plug,624274515444,3.38,Cables and Chargers,A,,,,,,
Electronics,Borofone cable,6974443384666,9.03,Electronics - My top gift,A,,,,,,
Electronics,Borofone Headphones,6941991101694,56.49,Electronics - My top gift,A,,,,,,
Electronics,Borofone Headphones,6941991101687,56.49,Electronics - My top gift,A,,,,,,
Electronics,Borofone Headphones,6941991101700,56.49,Electronics - My top gift,A,,,,,,
Electronics,Bussman Fuze 20A,051712845342,6.77,ELECTRONICS,A,,,,,,
Electronics,CABLE,063252389491,6.77,Electronics - My top gift,A,,,,,,
Electronics,GOOD CALL 2.5,32012500806125,2.83,phone card,A,,,,,,
Electronics,High Speed Ultra Quiet HX64,6942007652650,39.54,ELECTRONICS,A,,,,,,
Electronics,Hoco - BT Speaker,6931474798886,33.89,Electronics - My top gift,A,,,,,,
Electronics,Hoco Adapter,6931474798695,25.98,Electronics - My top gift,A,,,,,,
Electronics,Hoco BT Speaker,6931474752857,68.92,Electronics - My top gift,A,,,,,,
Electronics,Hoco BT Speaker,6931474798879,33.89,Electronics - My top gift,A,,,,,,
Electronics,Hoco Charger,6942007652049,18.07,Electronics - My top gift,A,,,,,,
Electronics,Hoco Charger,6942007652056,18.07,Electronics - My top gift,A,,,,,,
Electronics,Hoco Charger,69420762056,18.07,Electronics - My top gift,A,,,,,,
Electronics,Hoco charger adapter,6942007652032,14.68,Electronics - My top gift,A,,,,,,
Electronics,Hoco Hair Clipper,6942007623780,56.49,Electronics - My top gift,A,,,,,,
Electronics,Hoco Headset,6942007629188,58.75,Electronics - My top gift,A,,,,,,
Electronics,Hoco Headset,6942007640077,40.67,Electronics - My top gift,A,,,,,,
Electronics,Hoco Headset wireless BT,6942007647809,28.24,Electronics - My top gift,A,,,,,,
Electronics,Hoco Headset with case,6931474788863,40.67,Electronics - My top gift,A,,,,,,
Electronics,Hoco Headset with case,6942007609982,42.93,Electronics - My top gift,A,,,,,,
Electronics,Hoco Kids HeadPhones,6942007638555,38.41,Electronics - My top gift,A,,,,,,
Electronics,Hoco Socket,6942007607124,33.89,Electronics - My top gift,A,,,,,,
Electronics,HocoMini Charger,6942007644754,19.20,Electronics - My top gift,A,,,,,,
Electronics,Mini HX61,6942007652629,25.98,ELECTRONICS,A,,,,,,
Electronics,Teco Earphones,197111051998,13.55,cell phone accesroies,A,,,,,,
Electronics,Type C cable,197190301632,11.29,ELECTRONICS,A,,,,,,
Electronics,Ultra thin HOCO HX 65,6942007652667,30.50,ELECTRONICS,A,,,,,,
Electronics,USB C TYPE CABLE TECO,197190301625,11.29,ELECTRONICS,A,,,,,,
Electronics,USB-C Earphones,197111058195,13.55,cell phone accesroies,A,,,,,,
Electronics,Van Dens Earphones,5060674508870,18.07,Electronics - My top gift,A,,,,,,
Electronics,Van Dens Earphones,5060674507361,10.16,Electronics - My top gift,A,,,,,,
Electronics,Van dens earphones,5060674507675,14.68,Electronics - My top gift,A,,,,,,
Electronics,Van Dens Earphones,5056594152132,18.07,Electronics - My top gift,A,,,,,,
Electronics,Van Dens Power bank,5056594152088,31.63,Electronics - My top gift,A,,,,,,
Electronics,Van dens Power bank,5056594171195,25.98,Electronics - My top gift,A,,,,,,
Electronics,Ven Dens,5060674507446,14.68,Electronics - My top gift,A,,,,,,
Electronics,Ven Dens Adapter,5056594115120,42.93,Electronics - My top gift,A,,,,,,
Electronics,Ven Dens Adapter,5056594114888,23.72,Electronics - My top gift,A,,,,,,
Electronics,Ven Dens Adapter,5056594172246,20.33,Electronics - My top gift,A,,,,,,
Electronics,Ven Dens Cable,5056594153153,14.68,Electronics - My top gift,A,,,,,,
Electronics,Ven Dens cable,5056594152125,12.42,Electronics - My top gift,A,,,,,,
Electronics,Ven dens cable,5060674507460,14.68,Electronics - My top gift,A,,,,,,
Electronics,Ven dens cable,5060674507453,14.68,Electronics - My top gift,A,,,,,,
Electronics,Ven Dens Car Holder,5056594114666,13.55,Electronics - My top gift,A,,,,,,
Electronics,Ven Dens Car Holder,5056594152323,14.68,Electronics - My top gift,A,,,,,,
Electronics,Ven dens car holder,5056594152354,7.90,Electronics - My top gift,A,,,,,,
Electronics,Ven Dens Car holder,5056594115175,18.07,Electronics - My top gift,A,,,,,,
Electronics,Ven dens car mp3 player,5060674508108,22.59,Electronics - My top gift,A,,,,,,
Electronics,Ven dens data cable,5060674508603,11.29,Electronics - My top gift,A,,,,,,
Electronics,Ven Dens Gaming Head Phones,5056594195597,30.50,Electronics - My top gift,A,,,,,,
Electronics,Ven Dens Mini Car Charger,5060674507743,11.29,Electronics - My top gift,A,,,,,,
Electronics,Ven Dens Power Bank,5060674508887,39.54,Electronics - My top gift,A,,,,,,
Electronics,Ven Dens Wireless charger,5060674508948,20.33,Electronics - My top gift,A,,,,,,
